-- STUDENTS
INSERT INTO student (id, name, email)
VALUES (1, 'Amit Sharma', 'amit.sharma@gmail.com'),
       (2, 'Riya Patel', 'riya.patel@gmail.com'),
       (3, 'Karan Mehta', 'karan.mehta@gmail.com'),
       (4, 'Sneha Das', 'sneha.das@gmail.com'),
       (5, 'Rahul Verma', 'rahul.verma@gmail.com'),
       (6, 'Priya Nair', 'priya.nair@gmail.com'),
       (7, 'Arjun Singh', 'arjun.singh@gmail.com'),
       (8, 'Neha Kapoor', 'neha.kapoor@gmail.com'),
       (9, 'Vikram Rao', 'vikram.rao@gmail.com'),
       (10, 'Ananya Roy', 'ananya.roy@gmail.com'),
       (11, 'Rohit Jain', 'rohit.jain@gmail.com'),
       (12, 'Meera Iyer', 'meera.iyer@gmail.com'),
       (13, 'Siddharth Bose', 'siddharth.bose@gmail.com'),
       (14, 'Tanvi Gupta', 'tanvi.gupta@gmail.com'),
       (15, 'Manish Kulkarni', 'manish.k@gmail.com'),
       (16, 'Kavya Reddy', 'kavya.reddy@gmail.com'),
       (17, 'Aditya Pillai', 'aditya.pillai@gmail.com'),
       (18, 'Ishita Choudhary', 'ishita.ch@gmail.com'),
       (19, 'Nikhil Arora', 'nikhil.arora@gmail.com'),
       (20, 'Pooja Bansal', 'pooja.bansal@gmail.com');

-- INSTRUCTORS
INSERT INTO instructor (id, name, email, expertise)
VALUES  (1, 'Dr. Raj Malhotra', 'raj.malhotra@codeacademy.com', 'Java & Spring Boot'),
        (2, 'Anil Desai', 'anil.desai@codeacademy.com', 'Data Structures & Algorithms'),
        (3, 'Sonia Khanna', 'sonia.khanna@codeacademy.com', 'Frontend Development'),
        (4, 'Mohit Sinha', 'mohit.sinha@codeacademy.com', 'Database Engineering'),
        (5, 'Nisha Arvind', 'nisha.arvind@codeacademy.com', 'Cloud & DevOps'),
        (6, 'Raghav Menon', 'raghav.menon@codeacademy.com', 'System Design'),
        (7, 'Priyanka Sharma', 'priyanka.sharma@codeacademy.com', 'Cyber Security'),
        (8, 'Abhishek Ghosh', 'abhishek.ghosh@codeacademy.com', 'Machine Learning');

-- COURSES
INSERT INTO course (id, title, description, price, instructor_id)
VALUES (1, 'Spring Boot Mastery', 'Complete guide to building REST APIs', 4999, 1),
       (2, 'Advanced Java Programming', 'Deep dive into core and advanced Java', 3999, 1),
       (3, 'Data Structures in Java', 'Master DSA for interviews', 2999, 2),
       (4, 'Algorithmic Problem Solving', 'Interview focused algorithms', 3499, 2),
       (5, 'React.js Fundamentals', 'Frontend development with React', 2599, 3),
       (6, 'Modern JavaScript ES6+', 'Advanced JS concepts', 1999, 3),
       (7, 'MySQL & Database Design', 'Database normalization & queries', 2799, 4),
       (8, 'JPA & Hibernate Deep Dive', 'ORM and persistence mastery', 3799, 4),
       (9, 'Docker & Kubernetes', 'Containerization & orchestration', 4499, 5),
       (10, 'AWS Cloud Essentials', 'Cloud computing fundamentals', 4999, 5),
       (11, 'System Design Basics', 'Scalable architecture patterns', 5999, 6),
       (12, 'Microservices Architecture', 'Designing distributed systems', 6499, 6),
       (13, 'Spring Security Internals', 'Authentication & authorization', 4599, 1),
       (14, 'Ethical Hacking Basics', 'Cyber security foundations', 3999, 7),
       (15, 'Machine Learning with Python', 'ML algorithms & implementation', 6999, 8);

-- ENROLLMENTS
INSERT INTO enrollment (id, student_id, course_id, enrolled_at)
VALUES (1, 1, 1, '2025-01-10'),
       (2, 1, 3, '2025-01-15'),
       (3, 2, 1, '2025-01-20'),
       (4, 2, 5, '2025-01-25'),
       (5, 3, 2, '2025-02-01'),
       (6, 3, 4, '2025-02-05'),
       (7, 4, 7, '2025-02-10'),
       (8, 4, 8, '2025-02-15'),
       (9, 5, 3, '2025-02-20'),
       (10, 5, 9, '2025-02-25'),
       (11, 6, 10, '2025-03-01'),
       (12, 6, 11, '2025-03-03'),
       (13, 7, 12, '2025-03-05'),
       (14, 7, 1, '2025-03-10'),
       (15, 8, 14, '2025-03-12'),
       (16, 8, 15, '2025-03-15'),
       (17, 9, 5, '2025-03-18'),
       (18, 9, 6, '2025-03-20'),
       (19, 10, 3, '2025-03-22'),
       (20, 10, 7, '2025-03-25'),
       (21, 11, 8, '2025-04-01'),
       (22, 11, 13, '2025-04-03'),
       (23, 12, 1, '2025-04-05'),
       (24, 12, 9, '2025-04-07'),
       (25, 13, 4, '2025-04-10'),
       (26, 13, 11, '2025-04-12'),
       (27, 14, 2, '2025-04-15'),
       (28, 14, 12, '2025-04-18'),
       (29, 15, 15, '2025-04-20'),
       (30, 15, 10, '2025-04-22'),
       (31, 16, 6, '2025-04-25'),
       (32, 16, 7, '2025-04-27'),
       (33, 17, 8, '2025-05-01'),
       (34, 17, 3, '2025-05-03'),
       (35, 18, 13, '2025-05-05'),
       (36, 18, 14, '2025-05-07'),
       (37, 19, 9, '2025-05-10'),
       (38, 19, 11, '2025-05-12'),
       (39, 20, 1, '2025-05-15'),
       (40, 20, 15, '2025-05-18');